Busname,Bustype,Starttime,Endtime,Seatavailable,Duration,Price,Rating,Route_name,Route_link
P K Travels,A/C Seater / Sleeper (2+1),21:30,06:00,18 Seats available,08h 30m,INR 1000,"4.3
66",Bangalore to Kozhikode,https://www.redbus.in/bus-tickets/bangalore-to-kozhikode
FAST LINE BUS,A/C Sleeper (2+1),21:15,06:15,18 Seats available,09h 00m,989,"4.1
43",Bangalore to Kozhikode,https://www.redbus.in/bus-tickets/bangalore-to-kozhikode
MMK Travels,A/C Seater / Sleeper (2+1),22:30,07:30,13 Seats available,09h 00m,INR 1100,"4.6
557",Bangalore to Kozhikode,https://www.redbus.in/bus-tickets/bangalore-to-kozhikode
AdMMK Travels,A/C Sleeper (2+1),23:00,07:30,15 Seats available,08h 30m,INR 1199,"3.8
30",Bangalore to Kozhikode,https://www.redbus.in/bus-tickets/bangalore-to-kozhikode
SAAM BUS,VE A/C Sleeper (2+1),21:45,06:45,11 Seats available,09h 00m,1110,"4.1
294",Bangalore to Kozhikode,https://www.redbus.in/bus-tickets/bangalore-to-kozhikode
NS Transports,Non A/C Seater / Sleeper (2+1),22:15,06:30,21 Seats available,08h 15m,INR 899,"4.3
122",Bangalore to Kozhikode,https://www.redbus.in/bus-tickets/bangalore-to-kozhikode
P K Travels,A/C Sleeper (2+1),18:45,06:30,11 Seats available,11h 45m,INR 1350,"4.1
110",Bangalore to Kozhikode,https://www.redbus.in/bus-tickets/bangalore-to-kozhikode
SKS Tours & Travels,A/C Sleeper (2+1),21:15,05:45,17 Seats available,08h 30m,1199,"4.3
103",Bangalore to Kozhikode,https://www.redbus.in/bus-tickets/bangalore-to-kozhikode
National travels and logistics,A/C Sleeper (2+1),22:45,07:00,12 Seats available,08h 15m,1150,"4.1
98",Bangalore to Kozhikode,https://www.redbus.in/bus-tickets/bangalore-to-kozhikode
Kyros Connect,Bharat Benz A/C Semi Sleeper (2+2),23:00,09:00,25 Seats available,10h 00m,INR 899,"4.1
345",Bangalore to Kozhikode,https://www.redbus.in/bus-tickets/bangalore-to-kozhikode
DLT BUS,A/C Sleeper (2+1),22:30,07:30,8 Seats available,09h 00m,INR 1599,"4.3
318",Bangalore to Kozhikode,https://www.redbus.in/bus-tickets/bangalore-to-kozhikode
NS Transports,Non A/C Seater / Sleeper (2+1),21:45,06:10,14 Seats available,08h 25m,INR 899,"4.2
275",Bangalore to Kozhikode,https://www.redbus.in/bus-tickets/bangalore-to-kozhikode
Silver Line Travels,Non A/C Seater / Sleeper (2+1),22:15,06:45,3 Seats available,08h 30m,INR 800,4.3,Bangalore to Kozhikode,https://www.redbus.in/bus-tickets/bangalore-to-kozhikode
SAAM BUS,A/C Seater / Sleeper (2+1),21:45,05:50,18 Seats available,08h 05m,833,4.1,Bangalore to Kozhikode,https://www.redbus.in/bus-tickets/bangalore-to-kozhikode
NS Transports,Non A/C Seater / Sleeper (2+1),22:30,06:45,26 Seats available,08h 15m,INR 849,4.0,Bangalore to Kozhikode,https://www.redbus.in/bus-tickets/bangalore-to-kozhikode
Kallada Travels (Suresh Kallada),A/C Sleeper (2+1),22:00,07:05,19 Seats available,09h 05m,INR 1200,"3.3
119",Bangalore to Kozhikode,https://www.redbus.in/bus-tickets/bangalore-to-kozhikode
Sam Tourist,NON AC Seater / Sleeper 2+1,22:05,07:05,7 Seats available,09h 00m,759,"3.7
154",Bangalore to Kozhikode,https://www.redbus.in/bus-tickets/bangalore-to-kozhikode
Kalpaka Travels,NON A/C Semi Sleeper (2+2),22:15,04:45,7 Seats available,06h 30m,INR 900,"3.1
5",Bangalore to Kozhikode,https://www.redbus.in/bus-tickets/bangalore-to-kozhikode
National travels and logistics,NON A/C Sleeper (2+1),22:30,06:15,18 Seats available,07h 45m,990,"3.6
166",Bangalore to Kozhikode,https://www.redbus.in/bus-tickets/bangalore-to-kozhikode
Suraj Holidays,VE A/C Sleeper (2+1),22:30,07:30,16 Seats available,09h 00m,INR 1350,"3.6
266",Bangalore to Kozhikode,https://www.redbus.in/bus-tickets/bangalore-to-kozhikode
NS Transports,VE A/C Sleeper (2+1),22:45,07:30,24 Seats available,08h 45m,INR 1199,"3.9
293",Bangalore to Kozhikode,https://www.redbus.in/bus-tickets/bangalore-to-kozhikode
DA Transports,A/C Sleeper (2+1),21:45,07:00,17 Seats available,09h 15m,INR 1200,"3.3
29",Bangalore to Kozhikode,https://www.redbus.in/bus-tickets/bangalore-to-kozhikode
P K Travels,Non A/C Seater / Sleeper (2+1),18:45,05:15,9 Seats available,10h 30m,INR 999,"3.6
76",Bangalore to Kozhikode,https://www.redbus.in/bus-tickets/bangalore-to-kozhikode
SKS Tourist Corporation (REGD),A/C Sleeper (2+1),21:00,05:30,22 Seats available,08h 30m,INR 1199,"3.5
111",Bangalore to Kozhikode,https://www.redbus.in/bus-tickets/bangalore-to-kozhikode
Suraj Holidays,NON AC Seater / Sleeper 2+1,20:30,06:00,20 Seats available,09h 30m,INR 1050,"3.2
102",Bangalore to Kozhikode,https://www.redbus.in/bus-tickets/bangalore-to-kozhikode
Sam Tourist,A/C Sleeper (2+1),22:45,07:30,22 Seats available,08h 45m,1234,3.1,Bangalore to Kozhikode,https://www.redbus.in/bus-tickets/bangalore-to-kozhikode
Usha Transport,NON A/C Sleeper (2+1),22:30,06:50,34 Seats available,08h 20m,1788,3.7,Bangalore to Kozhikode,https://www.redbus.in/bus-tickets/bangalore-to-kozhikode
A1 Travels,Non A/C Seater / Sleeper (2+1),21:00,06:45,14 Seats available,09h 45m,INR 800,"2.8
259",Bangalore to Kozhikode,https://www.redbus.in/bus-tickets/bangalore-to-kozhikode
A1 Travels,A/C Seater / Sleeper (2+1),21:45,07:00,23 Seats available,09h 15m,INR 900,"2.7
66",Bangalore to Kozhikode,https://www.redbus.in/bus-tickets/bangalore-to-kozhikode
A1 Travels,A/C Seater / Sleeper (2+1),22:30,06:30,28 Seats available,08h 00m,833,"2.6
59",Bangalore to Kozhikode,https://www.redbus.in/bus-tickets/bangalore-to-kozhikode
A1 Travels,A/C Seater / Sleeper (2+1),20:05,23:59,23 Seats available,03h 54m,648,"3.3
146",Kozhikode to Ernakulam,https://www.redbus.in/bus-tickets/kozhikode-to-ernakulam
A1 Travels,NON A/C Semi Sleeper (2+2),21:00,01:30,29 Seats available,04h 30m,INR 600,"4.0
45",Kozhikode to Ernakulam,https://www.redbus.in/bus-tickets/kozhikode-to-ernakulam
Galaxy Tours,A/C Semi Sleeper (2+2),21:45,02:01,10 Seats available,04h 16m,INR 800,"4.6
6",Kozhikode to Ernakulam,https://www.redbus.in/bus-tickets/kozhikode-to-ernakulam
Galaxy Tours,2+1 Air Suspension A/C Seater / Sleeper,21:45,02:00,28 Seats available,04h 15m,INR 700,"3.3
7",Kozhikode to Ernakulam,https://www.redbus.in/bus-tickets/kozhikode-to-ernakulam
A1 Travels,Bharat Benz A/C Seater /Sleeper (2+1),22:30,01:29,23 Seats available,02h 59m,INR 750,"3.3
32",Kozhikode to Ernakulam,https://www.redbus.in/bus-tickets/kozhikode-to-ernakulam
Madhavi Travels,Volvo Multi-Axle I-Shift B11R Semi Sleeper (2+2),23:30,03:10,37 Seats available,03h 40m,INR 799,4.0,Kozhikode to Ernakulam,https://www.redbus.in/bus-tickets/kozhikode-to-ernakulam
Sonia Travels,A/C Seater/Sleeper (2+1),23:30,04:29,30 Seats available,04h 59m,INR 730,"3.4
8",Kozhikode to Ernakulam,https://www.redbus.in/bus-tickets/kozhikode-to-ernakulam
UFO Bus,A/C Sleeper (2+1),23:55,05:30,13 Seats available,05h 35m,774,"4.9
10",Kozhikode to Ernakulam,https://www.redbus.in/bus-tickets/kozhikode-to-ernakulam
UFO Bus,Volvo Multi-Axle B9R A/c Semi Sleeper (2+2),23:55,05:30,21 Seats available,05h 35m,650,"4.3
20",Kozhikode to Ernakulam,https://www.redbus.in/bus-tickets/kozhikode-to-ernakulam
SG Travels,Bharat Benz A/C Sleeper (2+1),23:59,05:55,27 Seats available,05h 56m,INR 849,"5.0
7",Kozhikode to Ernakulam,https://www.redbus.in/bus-tickets/kozhikode-to-ernakulam
Cochin Bus,Volvo Multi-Axle B9R A/c Semi Sleeper (2+2),23:59,06:00,18 Seats available,06h 01m,INR 567,4.0,Kozhikode to Ernakulam,https://www.redbus.in/bus-tickets/kozhikode-to-ernakulam
Arya Travels,A/C Sleeper (2+1),23:59,05:30,15 Seats available,05h 31m,INR 795,"4.1
11",Kozhikode to Ernakulam,https://www.redbus.in/bus-tickets/kozhikode-to-ernakulam
Kalpaka Travels 1,A/C Sleeper (2+1),23:59,06:00,1 Seat available,06h 01m,INR 800,"4.5
24",Kozhikode to Ernakulam,https://www.redbus.in/bus-tickets/kozhikode-to-ernakulam
Cochin Bus,A/C Sleeper (2+1),23:59,05:35,30 Seats available,05h 36m,INR 1300,4.0,Kozhikode to Ernakulam,https://www.redbus.in/bus-tickets/kozhikode-to-ernakulam
Sonia Travels,A/C Semi Sleeper (2+2),00:20,04:15,26 Seats available,03h 55m,INR 600,3.9,Kozhikode to Ernakulam,https://www.redbus.in/bus-tickets/kozhikode-to-ernakulam
A1 Travels,Bharat Benz A/C Seater /Sleeper (2+1),22:15,01:45,29 Seats available,03h 30m,INR 750,"2.9
19",Kozhikode to Ernakulam,https://www.redbus.in/bus-tickets/kozhikode-to-ernakulam
Shajees Motors,A/C Semi Sleeper (2+2),22:30,03:05,16 Seats available,04h 35m,INR 630,"2.1
10",Kozhikode to Ernakulam,https://www.redbus.in/bus-tickets/kozhikode-to-ernakulam
Kallada Travels (Suresh Kallada),A/C Sleeper (2+1),22:45,02:40,18 Seats available,03h 55m,INR 850,"1.5
6",Kozhikode to Ernakulam,https://www.redbus.in/bus-tickets/kozhikode-to-ernakulam
Kalpaka Travels 1,A/C Semi Sleeper (2+2),23:59,05:00,20 Seats available,05h 01m,INR 550,"2.6
12",Kozhikode to Ernakulam,https://www.redbus.in/bus-tickets/kozhikode-to-ernakulam
Arya Travels,A/C Seater/Sleeper (2+1),23:59,05:30,26 Seats available,05h 31m,INR 545,"2.3
5",Kozhikode to Ernakulam,https://www.redbus.in/bus-tickets/kozhikode-to-ernakulam
BLM Transports,A/C Sleeper (2+1),22:00,02:45,18 Seats available,04h 45m,1035,"3.5
7",Kozhikode to Ernakulam,https://www.redbus.in/bus-tickets/kozhikode-to-ernakulam
EMERALD TRAVELS,A/C Sleeper (2+1),22:10,02:40,16 Seats available,04h 30m,INR 1100,3.3,Kozhikode to Ernakulam,https://www.redbus.in/bus-tickets/kozhikode-to-ernakulam
Madhavi Travels,A/C Sleeper (2+1),22:20,02:35,14 Seats available,04h 15m,INR 999,4.0,Kozhikode to Ernakulam,https://www.redbus.in/bus-tickets/kozhikode-to-ernakulam
LIYAS TOURS,Bharat Benz A/C Sleeper (2+1),23:05,03:15,3 Seats available,04h 10m,1049,"3.8
6",Kozhikode to Ernakulam,https://www.redbus.in/bus-tickets/kozhikode-to-ernakulam
A1 Travels,Bharat Benz A/C Sleeper (2+1),23:30,03:15,23 Seats available,03h 45m,INR 1000,"5.0
4",Kozhikode to Ernakulam,https://www.redbus.in/bus-tickets/kozhikode-to-ernakulam
Madhavi Travels,A/C Sleeper (2+1),23:40,05:00,23 Seats available,05h 20m,INR 999,4.0,Kozhikode to Ernakulam,https://www.redbus.in/bus-tickets/kozhikode-to-ernakulam
MMK Travels,A/C Seater / Sleeper (2+1),21:30,06:00,16 Seats available,08h 30m,INR 800,"4.4
569",Kozhikode to Bangalore,https://www.redbus.in/bus-tickets/kozhikode-to-bangalore
DLT BUS,A/C Sleeper (2+1),21:45,06:30,11 Seats available,08h 45m,INR 999,"4.5
328",Kozhikode to Bangalore,https://www.redbus.in/bus-tickets/kozhikode-to-bangalore
MMK Travels,A/C Sleeper (2+1),21:00,05:30,12 Seats available,08h 30m,INR 900,"4.6
55",Kozhikode to Bangalore,https://www.redbus.in/bus-tickets/kozhikode-to-bangalore
Kyros Connect,Bharat Benz A/C Semi Sleeper (2+2),12:15,21:45,35 Seats available,09h 30m,INR 799,"4.3
239",Kozhikode to Bangalore,https://www.redbus.in/bus-tickets/kozhikode-to-bangalore
SKS Tours & Travels,A/C Sleeper (2+1),21:00,06:00,19 Seats available,09h 00m,799,"4.4
82",Kozhikode to Bangalore,https://www.redbus.in/bus-tickets/kozhikode-to-bangalore
SAAM BUS,VE A/C Sleeper (2+1),20:30,06:15,22 Seats available,09h 45m,786,"4.3
232",Kozhikode to Bangalore,https://www.redbus.in/bus-tickets/kozhikode-to-bangalore
National travels and logistics,A/C Sleeper (2+1),21:00,06:15,14 Seats available,09h 15m,749,"4.3
68",Kozhikode to Bangalore,https://www.redbus.in/bus-tickets/kozhikode-to-bangalore
P K Travels,A/C Seater / Sleeper (2+1),21:45,06:45,20 Seats available,09h 00m,INR 900,"4.0
33",Kozhikode to Bangalore,https://www.redbus.in/bus-tickets/kozhikode-to-bangalore
P K Travels,A/C Sleeper (2+1),20:00,06:00,26 Seats available,10h 00m,INR 1100,"4.1
220",Kozhikode to Bangalore,https://www.redbus.in/bus-tickets/kozhikode-to-bangalore
NS Transports,Non A/C Seater / Sleeper (2+1),20:30,06:30,18 Seats available,10h 00m,INR 649,"4.1
221",Kozhikode to Bangalore,https://www.redbus.in/bus-tickets/kozhikode-to-bangalore
NS Transports,Non A/C Seater / Sleeper (2+1),19:30,04:30,15 Seats available,09h 00m,INR 649,"4.0
89",Kozhikode to Bangalore,https://www.redbus.in/bus-tickets/kozhikode-to-bangalore
NS Transports,VE A/C Sleeper (2+1),20:16,06:30,8 Seats available,10h 14m,INR 949,"4.0
160",Kozhikode to Bangalore,https://www.redbus.in/bus-tickets/kozhikode-to-bangalore
SAAM BUS,A/C Seater / Sleeper (2+1),21:15,06:15,24 Seats available,09h 00m,694,4.2,Kozhikode to Bangalore,https://www.redbus.in/bus-tickets/kozhikode-to-bangalore
Suraj Holidays,VE A/C Sleeper (2+1),22:00,07:15,19 Seats available,09h 15m,INR 980,"3.2
277",Kozhikode to Bangalore,https://www.redbus.in/bus-tickets/kozhikode-to-bangalore
National travels and logistics,NON A/C Sleeper (2+1),20:45,06:15,10 Seats available,09h 30m,699,"3.7
203",Kozhikode to Bangalore,https://www.redbus.in/bus-tickets/kozhikode-to-bangalore
Sam Tourist,NON AC Seater / Sleeper 2+1,21:00,06:30,16 Seats available,09h 30m,569,"3.4
166",Kozhikode to Bangalore,https://www.redbus.in/bus-tickets/kozhikode-to-bangalore
A1 Travels,Non A/C Seater / Sleeper (2+1),21:45,06:30,32 Seats available,08h 45m,INR 550,"3.0
286",Kozhikode to Bangalore,https://www.redbus.in/bus-tickets/kozhikode-to-bangalore
NS Transports,Non A/C Seater / Sleeper (2+1),22:00,06:00,29 Seats available,08h 00m,INR 649,"3.9
22",Kozhikode to Bangalore,https://www.redbus.in/bus-tickets/kozhikode-to-bangalore
SKS Tourist Corporation (REGD),A/C Sleeper (2+1),21:30,06:30,23 Seats available,09h 00m,INR 799,"3.4
76",Kozhikode to Bangalore,https://www.redbus.in/bus-tickets/kozhikode-to-bangalore
Kallada Travels (Suresh Kallada),A/C Sleeper (2+1),21:10,07:15,24 Seats available,10h 05m,INR 850,"3.1
87",Kozhikode to Bangalore,https://www.redbus.in/bus-tickets/kozhikode-to-bangalore
P K Travels,Non A/C Seater / Sleeper (2+1),21:00,06:00,27 Seats available,09h 00m,INR 799,"3.9
64",Kozhikode to Bangalore,https://www.redbus.in/bus-tickets/kozhikode-to-bangalore
DA Transports,A/C Sleeper (2+1),21:50,06:45,19 Seats available,08h 55m,INR 799,"3.4
35",Kozhikode to Bangalore,https://www.redbus.in/bus-tickets/kozhikode-to-bangalore
Bharathi Travels,A/C Sleeper (2+1),15:00,23:48,20 Seats available,08h 48m,INR 790,"3.0
49",Kozhikode to Bangalore,https://www.redbus.in/bus-tickets/kozhikode-to-bangalore
PSK Travels,Bharat Benz A/C Sleeper (2+1),14:35,23:35,14 Seats available,09h 00m,INR 1290,"3.6
7",Kozhikode to Bangalore,https://www.redbus.in/bus-tickets/kozhikode-to-bangalore
Kallada Travels (Suresh Kallada),A/C Sleeper (2+1),13:45,23:10,16 Seats available,09h 25m,INR 900,"3.4
12",Kozhikode to Bangalore,https://www.redbus.in/bus-tickets/kozhikode-to-bangalore
Balaji Tourist,Volvo Multi-Axle A/C Semisleeper (2+2),20:30,06:00,49 Seats available,09h 30m,INR 2399,3.5,Kozhikode to Bangalore,https://www.redbus.in/bus-tickets/kozhikode-to-bangalore
A1 Travels,A/C Seater / Sleeper (2+1),22:30,06:30,32 Seats available,08h 00m,555,"2.9
96",Kozhikode to Bangalore,https://www.redbus.in/bus-tickets/kozhikode-to-bangalore
A1 Travels,A/C Seater / Sleeper (2+1),20:00,05:30,30 Seats available,09h 30m,INR 600,"2.7
66",Kozhikode to Bangalore,https://www.redbus.in/bus-tickets/kozhikode-to-bangalore
Suraj Holidays,NON AC Seater / Sleeper 2+1,20:15,05:55,29 Seats available,09h 40m,INR 800,"2.5
33",Kozhikode to Bangalore,https://www.redbus.in/bus-tickets/kozhikode-to-bangalore
DA Transports,A/C Sleeper (2+1),22:01,07:45,17 Seats available,09h 44m,INR 799,"2.6
6",Kozhikode to Bangalore,https://www.redbus.in/bus-tickets/kozhikode-to-bangalore
Ubc travels,A/C Semi Sleeper (2+2),20:40,01:00,1 Seat available,04h 20m,INR 700,"3.8
12",Ernakulam to Kozhikode,https://www.redbus.in/bus-tickets/ernakulam-to-kozhikode
Ubc travels,A/C Seater/Sleeper (2+1),20:45,03:00,16 Seats available,06h 15m,INR 900,"3.5
5",Ernakulam to Kozhikode,https://www.redbus.in/bus-tickets/ernakulam-to-kozhikode
Holy Maria Travels,A/C Semi Sleeper (2+2),20:50,02:10,22 Seats available,05h 20m,INR 600,3.7,Ernakulam to Kozhikode,https://www.redbus.in/bus-tickets/ernakulam-to-kozhikode
Kalpaka Travels 1,A/C Sleeper (2+1),20:55,02:30,26 Seats available,05h 35m,INR 900,"4.4
25",Ernakulam to Kozhikode,https://www.redbus.in/bus-tickets/ernakulam-to-kozhikode
Adrin Travels,A/C Seater/Sleeper (2+1),21:00,02:00,25 Seats available,05h 00m,INR 800,"4.8
12",Ernakulam to Kozhikode,https://www.redbus.in/bus-tickets/ernakulam-to-kozhikode
UFO Bus,A/C Sleeper (2+1),21:15,02:45,11 Seats available,05h 30m,974,4.0,Ernakulam to Kozhikode,https://www.redbus.in/bus-tickets/ernakulam-to-kozhikode
Cochin Bus,Volvo Multi-Axle B9R A/c Semi Sleeper (2+2),21:15,02:30,17 Seats available,05h 15m,INR 667,4.0,Ernakulam to Kozhikode,https://www.redbus.in/bus-tickets/ernakulam-to-kozhikode
Madhavi Travels,A/C Sleeper (2+1),21:25,02:05,14 Seats available,04h 40m,INR 899,4.1,Ernakulam to Kozhikode,https://www.redbus.in/bus-tickets/ernakulam-to-kozhikode
UFO Bus,Volvo Multi-Axle B9R A/c Semi Sleeper (2+2),21:30,02:45,10 Seats available,05h 15m,700,"4.5
20",Ernakulam to Kozhikode,https://www.redbus.in/bus-tickets/ernakulam-to-kozhikode
Madhavi Travels,A/C Semi Sleeper (2+2),21:30,02:15,25 Seats available,04h 45m,INR 699,"3.9
16",Ernakulam to Kozhikode,https://www.redbus.in/bus-tickets/ernakulam-to-kozhikode
Sona Travels,Volvo Multi-Axle A/C Semi Sleeper (2+2),21:30,02:45,37 Seats available,05h 15m,INR 899,3.2,Ernakulam to Kozhikode,https://www.redbus.in/bus-tickets/ernakulam-to-kozhikode
Cochin Bus,A/C Sleeper (2+1),21:30,02:30,4 Seats available,05h 00m,INR 800,4.0,Ernakulam to Kozhikode,https://www.redbus.in/bus-tickets/ernakulam-to-kozhikode
Arya Travels,A/C Sleeper (2+1),21:45,03:15,20 Seats available,05h 30m,INR 895,3.2,Ernakulam to Kozhikode,https://www.redbus.in/bus-tickets/ernakulam-to-kozhikode
Madhavi Travels,A/C Sleeper (2+1),21:45,03:00,15 Seats available,05h 15m,INR 899,"4.3
6",Ernakulam to Kozhikode,https://www.redbus.in/bus-tickets/ernakulam-to-kozhikode
Kalpaka Travels 1,A/C Semi Sleeper (2+2),22:00,03:00,14 Seats available,05h 00m,INR 700,"4.8
21",Ernakulam to Kozhikode,https://www.redbus.in/bus-tickets/ernakulam-to-kozhikode
Madhavi Travels,A/C Semi Sleeper (2+2),22:10,03:35,12 Seats available,05h 25m,INR 699,"3.4
14",Ernakulam to Kozhikode,https://www.redbus.in/bus-tickets/ernakulam-to-kozhikode
Madhavi Travels,A/C Semi Sleeper (2+2),22:10,03:35,25 Seats available,05h 25m,INR 849,"3.8
12",Ernakulam to Kozhikode,https://www.redbus.in/bus-tickets/ernakulam-to-kozhikode
Sonia Travels,A/C Seater/Sleeper (2+1),22:15,02:29,18 Seats available,04h 14m,INR 730,3.8,Ernakulam to Kozhikode,https://www.redbus.in/bus-tickets/ernakulam-to-kozhikode
EMERALD TRAVELS,A/C Seater Push Back (2+2),22:30,04:15,29 Seats available,05h 45m,INR 650,3.6,Ernakulam to Kozhikode,https://www.redbus.in/bus-tickets/ernakulam-to-kozhikode
EMERALD TRAVELS,Bharat Benz A/C Semi Sleeper (2+2),23:30,04:30,28 Seats available,05h 00m,INR 700,"3.6
19",Ernakulam to Kozhikode,https://www.redbus.in/bus-tickets/ernakulam-to-kozhikode
A1 Travels,Bharat Benz A/C Seater /Sleeper (2+1),23:59,05:30,34 Seats available,05h 31m,INR 800,"3.4
34",Ernakulam to Kozhikode,https://www.redbus.in/bus-tickets/ernakulam-to-kozhikode
Arjun Holidays,A/C Seater Push Back (2+2),00:35,05:00,32 Seats available,04h 25m,INR 749,3.6,Ernakulam to Kozhikode,https://www.redbus.in/bus-tickets/ernakulam-to-kozhikode
Galaxy Tours,2+1 Air Suspension A/C Seater / Sleeper,01:15,06:00,38 Seats available,04h 45m,INR 800,"3.4
14",Ernakulam to Kozhikode,https://www.redbus.in/bus-tickets/ernakulam-to-kozhikode
Shajees Motors,A/C Semi Sleeper (2+2),19:30,00:40,10 Seats available,05h 10m,INR 600,"2.9
48",Ernakulam to Kozhikode,https://www.redbus.in/bus-tickets/ernakulam-to-kozhikode
UFO Bus,Volvo A/C Semi Sleeper (2+2),21:45,01:50,17 Seats available,04h 05m,INR 800,,Ernakulam to Kozhikode,https://www.redbus.in/bus-tickets/ernakulam-to-kozhikode
Blue Bird Travels,A/C Seater Push Back (2+2),21:50,02:50,10 Seats available,05h 00m,INR 699,1.5,Ernakulam to Kozhikode,https://www.redbus.in/bus-tickets/ernakulam-to-kozhikode
Greenline kerala,A/C Seater Push Back (2+2),22:01,02:45,18 Seats available,04h 44m,INR 650,"2.0
7",Ernakulam to Kozhikode,https://www.redbus.in/bus-tickets/ernakulam-to-kozhikode
A1 Travels,Bharat Benz A/C Seater /Sleeper (2+1),23:59,05:00,27 Seats available,05h 01m,INR 800,"2.8
21",Ernakulam to Kozhikode,https://www.redbus.in/bus-tickets/ernakulam-to-kozhikode
Kallada Travels (Suresh Kallada),A/C Sleeper (2+1),23:59,04:30,1 Seat available,04h 31m,INR 750,"2.4
25",Ernakulam to Kozhikode,https://www.redbus.in/bus-tickets/ernakulam-to-kozhikode
Galaxy Tours,A/C Semi Sleeper (2+2),01:15,06:00,6 Seats available,04h 45m,INR 800,"1.3
5",Ernakulam to Kozhikode,https://www.redbus.in/bus-tickets/ernakulam-to-kozhikode
Sona Travels,Bharat Benz A/C Sleeper (2+1),21:00,02:45,21 Seats available,05h 45m,INR 1199,3.2,Ernakulam to Kozhikode,https://www.redbus.in/bus-tickets/ernakulam-to-kozhikode
SG Travels,Bharat Benz A/C Sleeper (2+1),21:45,02:30,32 Seats available,04h 45m,INR 999,"4.1
6",Ernakulam to Kozhikode,https://www.redbus.in/bus-tickets/ernakulam-to-kozhikode
LIYAS TOURS,Bharat Benz A/C Sleeper (2+1),22:40,03:40,16 Seats available,05h 00m,1370,"3.7
8",Ernakulam to Kozhikode,https://www.redbus.in/bus-tickets/ernakulam-to-kozhikode
Madhavi Travels,A/C Sleeper (2+1),23:59,04:30,11 Seats available,04h 31m,INR 1099,"4.3
7",Ernakulam to Kozhikode,https://www.redbus.in/bus-tickets/ernakulam-to-kozhikode
Aadithya Travels,A/C Seater/Sleeper (2+1),21:30,01:45,29 Seats available,04h 15m,INR 1350,2.5,Ernakulam to Kozhikode,https://www.redbus.in/bus-tickets/ernakulam-to-kozhikode
Kallada Travels (Suresh Kallada),A/C Sleeper (2+1),22:45,03:00,12 Seats available,04h 15m,INR 1000,"1.7
4",Ernakulam to Kozhikode,https://www.redbus.in/bus-tickets/ernakulam-to-kozhikode
A1 Travels,Bharat Benz A/C Sleeper (2+1),23:45,04:00,20 Seats available,04h 15m,INR 1200,"2.7
9",Ernakulam to Kozhikode,https://www.redbus.in/bus-tickets/ernakulam-to-kozhikode
Kyros Connect,Bharat Benz A/C Semi Sleeper (2+2),12:15,18:35,33 Seats available,06h 20m,INR 599,"4.6
28",Kozhikode to Mysore,https://www.redbus.in/bus-tickets/kozhikode-to-mysore
NS Transports,Non A/C Seater / Sleeper (2+1),19:30,02:30,15 Seats available,07h 00m,INR 649,4.1,Kozhikode to Mysore,https://www.redbus.in/bus-tickets/kozhikode-to-mysore
A1 Travels,A/C Seater / Sleeper (2+1),20:00,04:00,30 Seats available,08h 00m,INR 600,3.3,Kozhikode to Mysore,https://www.redbus.in/bus-tickets/kozhikode-to-mysore
SAAM BUS,VE A/C Sleeper (2+1),20:30,04:00,23 Seats available,07h 30m,786,4.0,Kozhikode to Mysore,https://www.redbus.in/bus-tickets/kozhikode-to-mysore
NS Transports,Non A/C Seater / Sleeper (2+1),20:31,02:30,18 Seats available,05h 59m,INR 649,4.1,Kozhikode to Mysore,https://www.redbus.in/bus-tickets/kozhikode-to-mysore
National travels and logistics,NON A/C Sleeper (2+1),20:45,04:00,11 Seats available,07h 15m,699,"3.9
5",Kozhikode to Mysore,https://www.redbus.in/bus-tickets/kozhikode-to-mysore
National travels and logistics,A/C Sleeper (2+1),21:00,03:15,13 Seats available,06h 15m,749,3.9,Kozhikode to Mysore,https://www.redbus.in/bus-tickets/kozhikode-to-mysore
Suraj Holidays,NON AC Seater / Sleeper 2+1,21:00,03:00,31 Seats available,06h 00m,INR 780,"3.4
4",Kozhikode to Mysore,https://www.redbus.in/bus-tickets/kozhikode-to-mysore
SAAM BUS,A/C Seater / Sleeper (2+1),21:15,04:00,25 Seats available,06h 45m,694,4.0,Kozhikode to Mysore,https://www.redbus.in/bus-tickets/kozhikode-to-mysore
SKS Tourist Corporation (REGD),A/C Sleeper (2+1),21:30,04:45,23 Seats available,07h 15m,INR 799,3.4,Kozhikode to Mysore,https://www.redbus.in/bus-tickets/kozhikode-to-mysore
A1 Travels,Non A/C Seater / Sleeper (2+1),21:45,04:00,33 Seats available,06h 15m,INR 550,"3.6
4",Kozhikode to Mysore,https://www.redbus.in/bus-tickets/kozhikode-to-mysore
DA Transports,A/C Sleeper (2+1),21:50,04:30,27 Seats available,06h 40m,INR 799,3.7,Kozhikode to Mysore,https://www.redbus.in/bus-tickets/kozhikode-to-mysore
DA Transports,A/C Sleeper (2+1),22:01,04:40,27 Seats available,06h 39m,INR 799,3.7,Kozhikode to Mysore,https://www.redbus.in/bus-tickets/kozhikode-to-mysore
A1 Travels,A/C Seater / Sleeper (2+1),22:30,04:15,36 Seats available,05h 45m,INR 600,3.3,Kozhikode to Mysore,https://www.redbus.in/bus-tickets/kozhikode-to-mysore
Sam Tourist,NON AC Seater / Sleeper 2+1,21:00,04:00,28 Seats available,07h 00m,569,2.8,Kozhikode to Mysore,https://www.redbus.in/bus-tickets/kozhikode-to-mysore
Orange Tours And Travels,Bharat Benz A/C Sleeper (2+1),14:00,20:30,29 Seats available,06h 30m,INR 1400,"3.1
4",Kozhikode to Mysore,https://www.redbus.in/bus-tickets/kozhikode-to-mysore
PSK Travels,Bharat Benz A/C Sleeper (2+1),14:35,21:35,16 Seats available,07h 00m,INR 1190,3.6,Kozhikode to Mysore,https://www.redbus.in/bus-tickets/kozhikode-to-mysore
Bharathi Travels,A/C Sleeper (2+1),15:00,21:00,25 Seats available,06h 00m,INR 1290,3.1,Kozhikode to Mysore,https://www.redbus.in/bus-tickets/kozhikode-to-mysore
NS Transports,VE A/C Sleeper (2+1),20:16,03:30,12 Seats available,07h 14m,INR 949,4.1,Kozhikode to Mysore,https://www.redbus.in/bus-tickets/kozhikode-to-mysore
MMK Travels,A/C Sleeper (2+1),21:00,03:00,19 Seats available,06h 00m,INR 900,4.3,Kozhikode to Mysore,https://www.redbus.in/bus-tickets/kozhikode-to-mysore
SKS Tours & Travels,A/C Sleeper (2+1),21:00,04:00,23 Seats available,07h 00m,899,4.1,Kozhikode to Mysore,https://www.redbus.in/bus-tickets/kozhikode-to-mysore
Suraj Holidays,VE A/C Sleeper (2+1),22:00,05:00,19 Seats available,07h 00m,INR 980,"3.6
12",Kozhikode to Mysore,https://www.redbus.in/bus-tickets/kozhikode-to-mysore
Kallada Travels (Suresh Kallada),A/C Sleeper (2+1),13:45,19:30,18 Seats available,05h 45m,INR 1600,2.7,Kozhikode to Mysore,https://www.redbus.in/bus-tickets/kozhikode-to-mysore
BLM Transports,A/C Sleeper (2+1),22:00,01:00,19 Seats available,03h 00m,1035,3.9,Kozhikode to Thrissur,https://www.redbus.in/bus-tickets/kozhikode-to-thrissur
EMERALD TRAVELS,A/C Sleeper (2+1),22:10,00:30,24 Seats available,02h 20m,INR 1100,3.0,Kozhikode to Thrissur,https://www.redbus.in/bus-tickets/kozhikode-to-thrissur
Madhavi Travels,A/C Sleeper (2+1),22:20,01:10,14 Seats available,02h 50m,INR 999,4.0,Kozhikode to Thrissur,https://www.redbus.in/bus-tickets/kozhikode-to-thrissur
Kallada Travels (Suresh Kallada),A/C Sleeper (2+1),22:45,01:10,18 Seats available,02h 25m,INR 850,3.0,Kozhikode to Thrissur,https://www.redbus.in/bus-tickets/kozhikode-to-thrissur
Madhavi Travels,Volvo Multi-Axle I-Shift B11R Semi Sleeper (2+2),23:30,01:55,37 Seats available,02h 25m,INR 799,4.0,Kozhikode to Thrissur,https://www.redbus.in/bus-tickets/kozhikode-to-thrissur
A1 Travels,Bharat Benz A/C Sleeper (2+1),23:30,01:30,24 Seats available,02h 00m,INR 1000,3.3,Kozhikode to Thrissur,https://www.redbus.in/bus-tickets/kozhikode-to-thrissur
Madhavi Travels,A/C Sleeper (2+1),23:40,02:50,30 Seats available,03h 10m,INR 999,4.0,Kozhikode to Thrissur,https://www.redbus.in/bus-tickets/kozhikode-to-thrissur
UFO Bus,A/C Sleeper (2+1),23:55,03:30,22 Seats available,03h 35m,774,4.1,Kozhikode to Thrissur,https://www.redbus.in/bus-tickets/kozhikode-to-thrissur
UFO Bus,Volvo Multi-Axle B9R A/c Semi Sleeper (2+2),23:55,03:30,34 Seats available,03h 35m,650,4.1,Kozhikode to Thrissur,https://www.redbus.in/bus-tickets/kozhikode-to-thrissur
Cochin Bus,Volvo Multi-Axle B9R A/c Semi Sleeper (2+2),23:59,03:30,21 Seats available,03h 31m,INR 567,4.0,Kozhikode to Thrissur,https://www.redbus.in/bus-tickets/kozhikode-to-thrissur
Cochin Bus,A/C Sleeper (2+1),23:59,03:10,30 Seats available,03h 11m,INR 1300,4.0,Kozhikode to Thrissur,https://www.redbus.in/bus-tickets/kozhikode-to-thrissur
SG Travels,Bharat Benz A/C Sleeper (2+1),23:59,03:30,29 Seats available,03h 31m,INR 849,4.6,Kozhikode to Thrissur,https://www.redbus.in/bus-tickets/kozhikode-to-thrissur
Kalpaka Travels 1,A/C Sleeper (2+1),23:59,03:45,27 Seats available,03h 46m,INR 800,4.0,Kozhikode to Thrissur,https://www.redbus.in/bus-tickets/kozhikode-to-thrissur
Kalpaka Travels 1,A/C Semi Sleeper (2+2),23:59,03:40,22 Seats available,03h 41m,INR 550,4.0,Kozhikode to Thrissur,https://www.redbus.in/bus-tickets/kozhikode-to-thrissur
Arya Travels,A/C Seater/Sleeper (2+1),23:59,03:15,24 Seats available,03h 16m,INR 545,3.2,Kozhikode to Thrissur,https://www.redbus.in/bus-tickets/kozhikode-to-thrissur
Arya Travels,A/C Sleeper (2+1),23:59,03:15,15 Seats available,03h 16m,INR 795,3.2,Kozhikode to Thrissur,https://www.redbus.in/bus-tickets/kozhikode-to-thrissur
Sonia Travels,A/C Semi Sleeper (2+2),00:20,02:45,26 Seats available,02h 25m,INR 600,4.1,Kozhikode to Thrissur,https://www.redbus.in/bus-tickets/kozhikode-to-thrissur
Galaxy Tours,2+1 Air Suspension A/C Seater / Sleeper,21:45,00:45,1 Seat available,03h 00m,INR 700,2.8,Kozhikode to Thrissur,https://www.redbus.in/bus-tickets/kozhikode-to-thrissur
Galaxy Tours,A/C Semi Sleeper (2+2),21:45,23:44,10 Seats available,01h 59m,INR 800,2.8,Kozhikode to Thrissur,https://www.redbus.in/bus-tickets/kozhikode-to-thrissur
CGR Tranz,Volvo AC Seater (2+2),23:59,03:00,45 Seats available,03h 01m,INR 480,New,Kozhikode to Thrissur,https://www.redbus.in/bus-tickets/kozhikode-to-thrissur
Madhavi Travels,Volvo Multi-Axle I-Shift B11R Semi Sleeper (2+2),23:30,07:30,36 Seats available,08h 00m,INR 899,"4.0
7",Kozhikode to Thiruvananthapuram,https://www.redbus.in/bus-tickets/kozhikode-to-thiruvananthapuram
A1 Travels,A/C Seater / Sleeper (2+1),20:05,05:30,22 Seats available,09h 25m,740,"3.8
343",Kozhikode to Thiruvananthapuram,https://www.redbus.in/bus-tickets/kozhikode-to-thiruvananthapuram
BLM Transports,A/C Sleeper (2+1),22:00,07:00,15 Seats available,09h 00m,1035,"3.7
133",Kozhikode to Thiruvananthapuram,https://www.redbus.in/bus-tickets/kozhikode-to-thiruvananthapuram
A1 Travels,NON A/C Semi Sleeper (2+2),21:00,06:00,27 Seats available,09h 00m,555,"3.3
182",Kozhikode to Thiruvananthapuram,https://www.redbus.in/bus-tickets/kozhikode-to-thiruvananthapuram
A1 Travels,Bharat Benz A/C Seater /Sleeper (2+1),22:30,06:00,23 Seats available,07h 30m,694,"3.2
54",Kozhikode to Thiruvananthapuram,https://www.redbus.in/bus-tickets/kozhikode-to-thiruvananthapuram
Madhavi Travels,A/C Sleeper (2+1),22:20,07:00,14 Seats available,08h 40m,INR 999,"3.2
67",Kozhikode to Thiruvananthapuram,https://www.redbus.in/bus-tickets/kozhikode-to-thiruvananthapuram
Galaxy Tours,A/C Semi Sleeper (2+2),21:45,06:30,10 Seats available,08h 45m,INR 800,"3.5
14",Kozhikode to Thiruvananthapuram,https://www.redbus.in/bus-tickets/kozhikode-to-thiruvananthapuram
LIYAS TOURS,Bharat Benz A/C Sleeper (2+1),23:05,08:10,3 Seats available,09h 05m,1049,"3.5
57",Kozhikode to Thiruvananthapuram,https://www.redbus.in/bus-tickets/kozhikode-to-thiruvananthapuram
Galaxy Tours,2+1 Air Suspension A/C Seater / Sleeper,21:45,06:30,27 Seats available,08h 45m,INR 700,"2.9
42",Kozhikode to Thiruvananthapuram,https://www.redbus.in/bus-tickets/kozhikode-to-thiruvananthapuram
A1 Travels,Bharat Benz A/C Seater /Sleeper (2+1),22:15,05:45,29 Seats available,07h 30m,694,"2.3
123",Kozhikode to Thiruvananthapuram,https://www.redbus.in/bus-tickets/kozhikode-to-thiruvananthapuram
Kallada Travels (Suresh Kallada),A/C Sleeper (2+1),22:45,06:40,15 Seats available,07h 55m,INR 1000,"1.8
47",Kozhikode to Thiruvananthapuram,https://www.redbus.in/bus-tickets/kozhikode-to-thiruvananthapuram
A1 Travels,Bharat Benz A/C Sleeper (2+1),23:30,08:00,24 Seats available,08h 30m,INR 1000,"2.9
28",Kozhikode to Thiruvananthapuram,https://www.redbus.in/bus-tickets/kozhikode-to-thiruvananthapuram
EMERALD TRAVELS,A/C Sleeper (2+1),22:10,06:30,18 Seats available,08h 20m,INR 1100,2.5,Kozhikode to Thiruvananthapuram,https://www.redbus.in/bus-tickets/kozhikode-to-thiruvananthapuram
Sonia Travels,A/C Seater/Sleeper (2+1),23:30,06:38,10 Seats available,07h 08m,INR 1000,"4.7
10",Kozhikode to Kottayam,https://www.redbus.in/bus-tickets/kozhikode-to-kottayam
Sonia Travels,A/C Semi Sleeper (2+2),00:20,06:45,22 Seats available,06h 25m,INR 700,4.5,Kozhikode to Kottayam,https://www.redbus.in/bus-tickets/kozhikode-to-kottayam
Madhavi Travels,A/C Sleeper (2+1),23:40,06:40,10 Seats available,07h 00m,INR 1099,4.0,Kozhikode to Kottayam,https://www.redbus.in/bus-tickets/kozhikode-to-kottayam
Madhavi Travels,Volvo Multi-Axle I-Shift B11R Semi Sleeper (2+2),23:30,04:50,36 Seats available,05h 20m,INR 899,4.0,Kozhikode to Kottayam,https://www.redbus.in/bus-tickets/kozhikode-to-kottayam
A1 Travels,A/C Seater / Sleeper (2+1),20:05,03:00,23 Seats available,06h 55m,INR 800,"3.6
25",Kozhikode to Kottayam,https://www.redbus.in/bus-tickets/kozhikode-to-kottayam
EMERALD TRAVELS,A/C Sleeper (2+1),22:10,03:30,20 Seats available,05h 20m,INR 1100,4.2,Kozhikode to Kottayam,https://www.redbus.in/bus-tickets/kozhikode-to-kottayam
Ubc travels,A/C Semi Sleeper (2+2),22:30,01:00,1 Seat available,02h 30m,INR 700,3.7,Thrissur to Kozhikode,https://www.redbus.in/bus-tickets/thrissur-to-kozhikode
Adrin Travels,A/C Seater/Sleeper (2+1),23:05,02:00,31 Seats available,02h 55m,INR 800,4.0,Thrissur to Kozhikode,https://www.redbus.in/bus-tickets/thrissur-to-kozhikode
Blue Bird Travels,A/C Seater Push Back (2+2),23:15,02:50,10 Seats available,03h 35m,INR 699,3.1,Thrissur to Kozhikode,https://www.redbus.in/bus-tickets/thrissur-to-kozhikode
Madhavi Travels,A/C Semi Sleeper (2+2),23:20,02:15,25 Seats available,02h 55m,INR 699,4.0,Thrissur to Kozhikode,https://www.redbus.in/bus-tickets/thrissur-to-kozhikode
Sona Travels,Bharat Benz A/C Sleeper (2+1),23:20,02:45,21 Seats available,03h 25m,INR 1199,3.2,Thrissur to Kozhikode,https://www.redbus.in/bus-tickets/thrissur-to-kozhikode
Ubc travels,A/C Seater/Sleeper (2+1),23:20,03:00,24 Seats available,03h 40m,INR 900,3.7,Thrissur to Kozhikode,https://www.redbus.in/bus-tickets/thrissur-to-kozhikode
Cochin Bus,Volvo Multi-Axle B9R A/c Semi Sleeper (2+2),23:30,02:30,20 Seats available,03h 00m,INR 667,4.0,Thrissur to Kozhikode,https://www.redbus.in/bus-tickets/thrissur-to-kozhikode
CGR Tranz,A/C Semi Sleeper (2+2),23:30,02:00,29 Seats available,02h 30m,INR 750,"5.0
1",Thrissur to Kozhikode,https://www.redbus.in/bus-tickets/thrissur-to-kozhikode
Madhavi Travels,A/C Sleeper (2+1),23:30,02:05,14 Seats available,02h 35m,INR 899,4.0,Thrissur to Kozhikode,https://www.redbus.in/bus-tickets/thrissur-to-kozhikode
Madhavi Travels,A/C Sleeper (2+1),23:30,03:00,15 Seats available,03h 30m,INR 899,4.0,Thrissur to Kozhikode,https://www.redbus.in/bus-tickets/thrissur-to-kozhikode
Cochin Bus,Bharat Benz A/C Semi Sleeper (2+2),23:30,02:28,20 Seats available,02h 58m,INR 600,4.0,Thrissur to Kozhikode,https://www.redbus.in/bus-tickets/thrissur-to-kozhikode
UFO Bus,A/C Sleeper (2+1),23:35,02:45,20 Seats available,03h 10m,974,4.1,Thrissur to Kozhikode,https://www.redbus.in/bus-tickets/thrissur-to-kozhikode
Cochin Bus,A/C Sleeper (2+1),23:40,02:30,4 Seats available,02h 50m,INR 800,4.0,Thrissur to Kozhikode,https://www.redbus.in/bus-tickets/thrissur-to-kozhikode
Kalpaka Travels 1,A/C Sleeper (2+1),23:40,02:30,28 Seats available,02h 50m,INR 900,4.0,Thrissur to Kozhikode,https://www.redbus.in/bus-tickets/thrissur-to-kozhikode
UFO Bus,Volvo Multi-Axle B9R A/c Semi Sleeper (2+2),23:40,02:45,16 Seats available,03h 05m,700,4.1,Thrissur to Kozhikode,https://www.redbus.in/bus-tickets/thrissur-to-kozhikode
LIYAS TOURS,Bharat Benz A/C Sleeper (2+1),23:47,03:40,13 Seats available,03h 53m,1370,3.8,Thrissur to Kozhikode,https://www.redbus.in/bus-tickets/thrissur-to-kozhikode
Greenline kerala,A/C Seater Push Back (2+2),23:50,02:45,16 Seats available,02h 55m,INR 650,3.2,Thrissur to Kozhikode,https://www.redbus.in/bus-tickets/thrissur-to-kozhikode
SG Travels,Bharat Benz A/C Sleeper (2+1),23:50,02:30,32 Seats available,02h 40m,INR 999,4.6,Thrissur to Kozhikode,https://www.redbus.in/bus-tickets/thrissur-to-kozhikode
Sona Travels,Volvo Multi-Axle A/C Semi Sleeper (2+2),23:50,02:45,37 Seats available,02h 55m,INR 899,3.2,Thrissur to Kozhikode,https://www.redbus.in/bus-tickets/thrissur-to-kozhikode
Madhavi Travels,A/C Semi Sleeper (2+2),23:50,03:35,28 Seats available,03h 45m,INR 849,4.0,Thrissur to Kozhikode,https://www.redbus.in/bus-tickets/thrissur-to-kozhikode
Kalpaka Travels 1,A/C Semi Sleeper (2+2),23:55,03:00,36 Seats available,03h 05m,INR 700,4.0,Thrissur to Kozhikode,https://www.redbus.in/bus-tickets/thrissur-to-kozhikode
Arya Travels,A/C Sleeper (2+1),23:59,03:15,20 Seats available,03h 16m,INR 895,3.2,Thrissur to Kozhikode,https://www.redbus.in/bus-tickets/thrissur-to-kozhikode
Madhavi Travels,A/C Semi Sleeper (2+2),23:59,03:35,12 Seats available,03h 36m,INR 699,4.0,Thrissur to Kozhikode,https://www.redbus.in/bus-tickets/thrissur-to-kozhikode
Arya Travels,A/C Seater/Sleeper (2+1),23:59,03:15,48 Seats available,03h 16m,INR 1249,3.2,Thrissur to Kozhikode,https://www.redbus.in/bus-tickets/thrissur-to-kozhikode
EMERALD TRAVELS,Volvo AC Seater Pushback 2+2,00:15,04:15,29 Seats available,04h 00m,INR 650,3.0,Thrissur to Kozhikode,https://www.redbus.in/bus-tickets/thrissur-to-kozhikode
EMERALD TRAVELS,Bharat Benz A/C Semi Sleeper (2+2),02:30,04:30,35 Seats available,02h 00m,INR 700,3.0,Thrissur to Kozhikode,https://www.redbus.in/bus-tickets/thrissur-to-kozhikode
Aadithya Travels,A/C Seater/Sleeper (2+1),23:00,01:45,40 Seats available,02h 45m,INR 1350,2.5,Thrissur to Kozhikode,https://www.redbus.in/bus-tickets/thrissur-to-kozhikode
Cochin Bus,A/C Sleeper (2+1),23:55,02:30,30 Seats available,02h 35m,INR 900,,Thrissur to Kozhikode,https://www.redbus.in/bus-tickets/thrissur-to-kozhikode
UFO Bus,Volvo A/C Semi Sleeper (2+2),23:55,02:40,17 Seats available,02h 45m,INR 800,,Thrissur to Kozhikode,https://www.redbus.in/bus-tickets/thrissur-to-kozhikode
Galaxy Tours,2+1 Air Suspension A/C Seater / Sleeper,02:45,06:00,46 Seats available,03h 15m,INR 800,2.8,Thrissur to Kozhikode,https://www.redbus.in/bus-tickets/thrissur-to-kozhikode
Galaxy Tours,A/C Semi Sleeper (2+2),02:45,06:00,6 Seats available,03h 15m,INR 800,2.8,Thrissur to Kozhikode,https://www.redbus.in/bus-tickets/thrissur-to-kozhikode
MMK Travels,A/C Seater / Sleeper (2+1),22:30,05:30,13 Seats available,07h 00m,INR 1100,"4.4
124",Bangalore to Kalpetta (kerala),https://www.redbus.in/bus-tickets/bangalore-to-kalpetta
DLT BUS,A/C Sleeper (2+1),22:30,05:30,11 Seats available,07h 00m,INR 1599,"4.1
126",Bangalore to Kalpetta (kerala),https://www.redbus.in/bus-tickets/bangalore-to-kalpetta
DLT BUS,A/C Sleeper (2+1),22:30,05:20,9 Seats available,06h 50m,INR 1599,"4.2
74",Bangalore to Kalpetta (kerala),https://www.redbus.in/bus-tickets/bangalore-to-kalpetta
MMK Travels,A/C Seater / Sleeper (2+1),22:30,05:45,13 Seats available,07h 15m,INR 1100,"4.3
64",Bangalore to Kalpetta (kerala),https://www.redbus.in/bus-tickets/bangalore-to-kalpetta
Kyros Connect,Bharat Benz A/C Semi Sleeper (2+2),23:00,07:30,25 Seats available,08h 30m,INR 899,"4.2
96",Bangalore to Kalpetta (kerala),https://www.redbus.in/bus-tickets/bangalore-to-kalpetta
Suraj Holidays,VE A/C Sleeper (2+1),22:30,06:15,16 Seats available,07h 45m,INR 1350,"4.0
65",Bangalore to Kalpetta (kerala),https://www.redbus.in/bus-tickets/bangalore-to-kalpetta
A1 Travels,Non A/C Seater / Sleeper (2+1),21:00,05:00,14 Seats available,08h 00m,INR 800,"3.5
86",Bangalore to Kalpetta (kerala),https://www.redbus.in/bus-tickets/bangalore-to-kalpetta
Kallada Travels (Suresh Kallada),A/C Sleeper (2+1),22:00,05:25,19 Seats available,07h 25m,INR 1200,"3.8
55",Bangalore to Kalpetta (kerala),https://www.redbus.in/bus-tickets/bangalore-to-kalpetta
Suraj Holidays,VE A/C Sleeper (2+1),22:30,06:15,16 Seats available,07h 45m,INR 1350,"3.8
43",Bangalore to Kalpetta (kerala),https://www.redbus.in/bus-tickets/bangalore-to-kalpetta
DA Transports,A/C Sleeper (2+1),21:45,04:15,16 Seats available,06h 30m,INR 1200,"3.9
36",Bangalore to Kalpetta (kerala),https://www.redbus.in/bus-tickets/bangalore-to-kalpetta
P K Travels,A/C Seater / Sleeper (2+1),21:30,04:00,18 Seats available,06h 30m,INR 1000,"5.0
5",Bangalore to Kalpetta (kerala),https://www.redbus.in/bus-tickets/bangalore-to-kalpetta
Kyros Connect,Bharat Benz A/C Semi Sleeper (2+2),23:00,07:20,26 Seats available,08h 20m,INR 899,"4.1
57",Bangalore to Kalpetta (kerala),https://www.redbus.in/bus-tickets/bangalore-to-kalpetta
SKS Tourist Corporation (REGD),Non A/C Seater / Sleeper (2+1),21:15,04:00,17 Seats available,06h 45m,INR 999,"3.1
6",Bangalore to Kalpetta (kerala),https://www.redbus.in/bus-tickets/bangalore-to-kalpetta
FAST LINE BUS,A/C Sleeper (2+1),21:15,04:00,18 Seats available,06h 45m,INR 1099,"3.5
5",Bangalore to Kalpetta (kerala),https://www.redbus.in/bus-tickets/bangalore-to-kalpetta
A1 Travels,Bharat Benz A/C Seater /Sleeper (2+1),20:00,04:30,38 Seats available,08h 30m,INR 1000,"3.3
4",Bangalore to Kalpetta (kerala),https://www.redbus.in/bus-tickets/bangalore-to-kalpetta
A1 Travels,A/C Seater / Sleeper (2+1),22:30,05:00,28 Seats available,06h 30m,INR 900,"2.1
8",Bangalore to Kalpetta (kerala),https://www.redbus.in/bus-tickets/bangalore-to-kalpetta
NS Transports,Non A/C Seater / Sleeper (2+1),22:30,05:00,26 Seats available,06h 30m,INR 849,4.1,Bangalore to Kalpetta (kerala),https://www.redbus.in/bus-tickets/bangalore-to-kalpetta
NS Transports,Non A/C Seater / Sleeper (2+1),22:30,05:01,26 Seats available,06h 31m,INR 849,4.1,Bangalore to Kalpetta (kerala),https://www.redbus.in/bus-tickets/bangalore-to-kalpetta
DA Transports,A/C Sleeper (2+1),21:45,04:20,17 Seats available,06h 35m,INR 1200,3.9,Bangalore to Kalpetta (kerala),https://www.redbus.in/bus-tickets/bangalore-to-kalpetta
SKS Tourist Corporation (REGD),A/C Sleeper (2+1),21:00,04:20,22 Seats available,07h 20m,INR 1199,3.7,Bangalore to Kalpetta (kerala),https://www.redbus.in/bus-tickets/bangalore-to-kalpetta
SKS Tourist Corporation (REGD),Non A/C Seater / Sleeper (2+1),21:30,04:00,22 Seats available,06h 30m,899,3.7,Bangalore to Kalpetta (kerala),https://www.redbus.in/bus-tickets/bangalore-to-kalpetta
SKS Tourist Corporation (REGD),Non A/C Seater / Sleeper (2+1),21:15,04:01,17 Seats available,06h 46m,INR 999,3.7,Bangalore to Kalpetta (kerala),https://www.redbus.in/bus-tickets/bangalore-to-kalpetta
SKS Tourist Corporation (REGD),A/C Sleeper (2+1),21:00,04:45,24 Seats available,07h 45m,INR 1199,3.4,Bangalore to Kalpetta (kerala),https://www.redbus.in/bus-tickets/bangalore-to-kalpetta
SKS Tourist Corporation (REGD),Non A/C Seater / Sleeper (2+1),21:30,03:55,20 Seats available,06h 25m,INR 999,3.4,Bangalore to Kalpetta (kerala),https://www.redbus.in/bus-tickets/bangalore-to-kalpetta
SAAM BUS,VE A/C Sleeper (2+1),21:45,04:10,19 Seats available,06h 25m,1110,4.0,Bangalore to Kalpetta (kerala),https://www.redbus.in/bus-tickets/bangalore-to-kalpetta
A1 Travels,A/C Semi Sleeper (2+2),22:30,06:30,39 Seats available,08h 00m,INR 900,3.3,Bangalore to Kalpetta (kerala),https://www.redbus.in/bus-tickets/bangalore-to-kalpetta
Sam Tourist,A/C Sleeper (2+1),22:45,05:30,25 Seats available,06h 45m,INR 1299,3.1,Bangalore to Kalpetta (kerala),https://www.redbus.in/bus-tickets/bangalore-to-kalpetta
Sam Tourist,A/C Sleeper (2+1),22:45,05:35,22 Seats available,06h 50m,1234,2.6,Bangalore to Kalpetta (kerala),https://www.redbus.in/bus-tickets/bangalore-to-kalpetta
KSRTC (Kerala) - 101,Swift Deluxe Non AC Air Bus (2+2),21:15,05:10,1 Seat available,07h 55m,INR 709,"4.3
92",Bangalore to Kannur (Kerala),https://www.redbus.in/bus-tickets/bangalore-to-kannur
NS Transports,NON A/C Sleeper (2+1),22:45,05:20,11 Seats available,06h 35m,INR 1049,"4.3
229",Bangalore to Kannur (Kerala),https://www.redbus.in/bus-tickets/bangalore-to-kannur
MMK Travels,VE A/C Seater / Sleeper (2+1),22:15,05:30,17 Seats available,07h 15m,INR 999,"4.2
324",Bangalore to Kannur (Kerala),https://www.redbus.in/bus-tickets/bangalore-to-kannur
AdAshoka Travel and Logistics,A/C Sleeper (2+1),21:45,05:30,3 Seats available,07h 45m,INR 1200,"4.2
184",Bangalore to Kannur (Kerala),https://www.redbus.in/bus-tickets/bangalore-to-kannur
GOLDEN TRAVEL AGENCIES,A/C Sleeper (2+1),21:30,05:15,9 Seats available,07h 45m,INR 1199,"4.5
32",Bangalore to Kannur (Kerala),https://www.redbus.in/bus-tickets/bangalore-to-kannur
Kalpaka Travels,NON A/C Seater/ Sleeper (2+1),22:00,06:10,3 Seats available,08h 10m,INR 900,"4.2
17",Bangalore to Kannur (Kerala),https://www.redbus.in/bus-tickets/bangalore-to-kannur
GOLDEN TRAVEL AGENCIES,A/C Sleeper (2+1),22:00,05:25,6 Seats available,07h 25m,INR 1199,"4.1
137",Bangalore to Kannur (Kerala),https://www.redbus.in/bus-tickets/bangalore-to-kannur
AdAshoka Travel and Logistics,A/C Semi Sleeper (2+2),22:30,05:45,5 Seats available,07h 15m,900,"3.6
122",Bangalore to Kannur (Kerala),https://www.redbus.in/bus-tickets/bangalore-to-kannur
NS Transports,A/C Sleeper (2+1),22:15,05:45,17 Seats available,07h 30m,INR 1249,"4.5
263",Bangalore to Kannur (Kerala),https://www.redbus.in/bus-tickets/bangalore-to-kannur
GOLDEN TRAVEL AGENCIES,Volvo A/C Semi Sleeper (2+2),22:45,04:45,4 Seats available,06h 00m,INR 1299,"4.2
211",Bangalore to Kannur (Kerala),https://www.redbus.in/bus-tickets/bangalore-to-kannur
Sugama Tourist,A/C Sleeper (2+1),22:00,05:30,5 Seats available,07h 30m,INR 1100,"4.1
245",Bangalore to Kannur (Kerala),https://www.redbus.in/bus-tickets/bangalore-to-kannur
P K Travels,NON A/C Semi Sleeper (2+2),21:45,05:00,16 Seats available,07h 15m,INR 850,"3.8
76",Bangalore to Kannur (Kerala),https://www.redbus.in/bus-tickets/bangalore-to-kannur
NS Transports,NON A/C Semi Sleeper / Sleeper (2+1),22:00,06:00,18 Seats available,08h 00m,INR 999,"3.9
230",Bangalore to Kannur (Kerala),https://www.redbus.in/bus-tickets/bangalore-to-kannur
National travels and logistics,Non A/C Seater / Sleeper (2+1),22:40,05:45,16 Seats available,07h 05m,INR 899,"3.8
138",Bangalore to Kannur (Kerala),https://www.redbus.in/bus-tickets/bangalore-to-kannur
Rukma Travels,A/C Seater/Sleeper (2+1),21:30,05:00,17 Seats available,07h 30m,INR 899,"3.7
15",Bangalore to Kannur (Kerala),https://www.redbus.in/bus-tickets/bangalore-to-kannur
Kalpaka Travels,NON A/C Seater/ Sleeper (2+1),21:45,05:20,1 Seat available,07h 35m,INR 900,"3.9
105",Bangalore to Kannur (Kerala),https://www.redbus.in/bus-tickets/bangalore-to-kannur
DLT BUS,A/C Sleeper (2+1),22:30,06:00,17 Seats available,07h 30m,INR 1349,"3.8
15",Bangalore to Kannur (Kerala),https://www.redbus.in/bus-tickets/bangalore-to-kannur
Kalpaka Travels,NON A/C Seater/ Sleeper (2+1),22:00,05:00,2 Seats available,07h 00m,INR 900,"3.5
30",Bangalore to Kannur (Kerala),https://www.redbus.in/bus-tickets/bangalore-to-kannur
EMERALD TRAVELS,Bharat Benz A/C Semi Sleeper (2+2),21:30,04:45,31 Seats available,07h 15m,INR 800,"3.5
22",Bangalore to Kannur (Kerala),https://www.redbus.in/bus-tickets/bangalore-to-kannur
P K Travels,A/C Sleeper (2+1),22:15,05:30,13 Seats available,07h 15m,INR 1300,"3.4
39",Bangalore to Kannur (Kerala),https://www.redbus.in/bus-tickets/bangalore-to-kannur
Arya Travels,A/C Sleeper (2+1),19:45,05:10,2 Seats available,09h 25m,INR 1299,"3.6
81",Bangalore to Kannur (Kerala),https://www.redbus.in/bus-tickets/bangalore-to-kannur
EMERALD TRAVELS,Bharat Benz A/C Semi Sleeper (2+2),21:30,04:45,26 Seats available,07h 15m,INR 851,3.5,Bangalore to Kannur (Kerala),https://www.redbus.in/bus-tickets/bangalore-to-kannur
Ashoka Travel and Logistics,NON A/C Semi Sleeper (2+2),22:00,05:30,7 Seats available,07h 30m,800,"2.8
98",Bangalore to Kannur (Kerala),https://www.redbus.in/bus-tickets/bangalore-to-kannur
Sam Tourist,A/C Sleeper (2+1),22:35,06:05,28 Seats available,07h 30m,1234,"2.3
22",Bangalore to Kannur (Kerala),https://www.redbus.in/bus-tickets/bangalore-to-kannur
Arya Travels,A/C Sleeper (2+1),21:40,05:30,4 Seats available,07h 50m,INR 2100,"2.4
8",Bangalore to Kannur (Kerala),https://www.redbus.in/bus-tickets/bangalore-to-kannur
MMK Travels,A/C Seater / Sleeper (2+1),23:45,06:00,16 Seats available,06h 15m,INR 800,"4.6
95",Kalpetta (kerala) to Bangalore,https://www.redbus.in/bus-tickets/kalpetta-to-bangalore
DLT BUS,A/C Sleeper (2+1),23:45,06:30,11 Seats available,06h 45m,INR 999,"4.4
78",Kalpetta (kerala) to Bangalore,https://www.redbus.in/bus-tickets/kalpetta-to-bangalore
Kyros Connect,Bharat Benz A/C Semi Sleeper (2+2),13:55,21:45,36 Seats available,07h 50m,INR 799,"4.4
142",Kalpetta (kerala) to Bangalore,https://www.redbus.in/bus-tickets/kalpetta-to-bangalore
MMK Travels,A/C Seater / Sleeper (2+1),23:45,06:00,16 Seats available,06h 15m,INR 800,"4.7
47",Kalpetta (kerala) to Bangalore,https://www.redbus.in/bus-tickets/kalpetta-to-bangalore
A1 Travels,Non A/C Seater / Sleeper (2+1),23:10,06:30,31 Seats available,07h 20m,INR 550,"3.1
82",Kalpetta (kerala) to Bangalore,https://www.redbus.in/bus-tickets/kalpetta-to-bangalore
DLT BUS,A/C Sleeper (2+1),23:59,06:30,12 Seats available,06h 31m,INR 999,"4.4
15",Kalpetta (kerala) to Bangalore,https://www.redbus.in/bus-tickets/kalpetta-to-bangalore
Suraj Holidays,VE A/C Sleeper (2+1),23:58,07:15,20 Seats available,07h 17m,INR 980,"3.4
40",Kalpetta (kerala) to Bangalore,https://www.redbus.in/bus-tickets/kalpetta-to-bangalore
SKS Tourist Corporation (REGD),Non A/C Seater / Sleeper (2+1),23:15,05:30,27 Seats available,06h 15m,INR 699,"4.3
14",Kalpetta (kerala) to Bangalore,https://www.redbus.in/bus-tickets/kalpetta-to-bangalore
Bharathi Travels,A/C Sleeper (2+1),17:20,23:48,22 Seats available,06h 28m,INR 790,"4.3
14",Kalpetta (kerala) to Bangalore,https://www.redbus.in/bus-tickets/kalpetta-to-bangalore
Kallada Travels (Suresh Kallada),A/C Sleeper (2+1),23:30,07:15,26 Seats available,07h 45m,INR 850,"3.2
35",Kalpetta (kerala) to Bangalore,https://www.redbus.in/bus-tickets/kalpetta-to-bangalore
DA Transports,A/C Sleeper (2+1),23:55,06:45,20 Seats available,06h 50m,INR 799,"3.6
18",Kalpetta (kerala) to Bangalore,https://www.redbus.in/bus-tickets/kalpetta-to-bangalore
DA Transports,A/C Sleeper (2+1),23:50,06:45,26 Seats available,06h 55m,INR 799,"3.9
10",Kalpetta (kerala) to Bangalore,https://www.redbus.in/bus-tickets/kalpetta-to-bangalore
PSK Travels,Bharat Benz A/C Sleeper (2+1),17:35,23:35,14 Seats available,06h 00m,INR 1290,"3.9
5",Kalpetta (kerala) to Bangalore,https://www.redbus.in/bus-tickets/kalpetta-to-bangalore
Suraj Holidays,VE A/C Sleeper (2+1),23:59,07:15,21 Seats available,07h 16m,INR 980,"3.0
6",Kalpetta (kerala) to Bangalore,https://www.redbus.in/bus-tickets/kalpetta-to-bangalore
SKS Tourist Corporation (REGD),A/C Sleeper (2+1),23:50,06:30,23 Seats available,06h 40m,INR 799,"2.4
20",Kalpetta (kerala) to Bangalore,https://www.redbus.in/bus-tickets/kalpetta-to-bangalore
A1 Travels,A/C Seater / Sleeper (2+1),22:30,05:30,30 Seats available,07h 00m,INR 600,"2.8
15",Kalpetta (kerala) to Bangalore,https://www.redbus.in/bus-tickets/kalpetta-to-bangalore
A1 Travels,Bharat Benz A/C Seater /Sleeper (2+1),23:45,06:30,38 Seats available,06h 45m,INR 650,"2.8
5",Kalpetta (kerala) to Bangalore,https://www.redbus.in/bus-tickets/kalpetta-to-bangalore
SKS Tourist Corporation (REGD),Non A/C Seater / Sleeper (2+1),23:16,05:30,31 Seats available,06h 14m,599,"2.9
4",Kalpetta (kerala) to Bangalore,https://www.redbus.in/bus-tickets/kalpetta-to-bangalore
Bharathi Travels,A/C Sleeper (2+1),17:00,23:48,24 Seats available,06h 48m,INR 790,"1.6
5",Kalpetta (kerala) to Bangalore,https://www.redbus.in/bus-tickets/kalpetta-to-bangalore
SKS Tourist Corporation (REGD),A/C Sleeper (2+1),23:55,06:30,23 Seats available,06h 35m,INR 799,"2.0
4",Kalpetta (kerala) to Bangalore,https://www.redbus.in/bus-tickets/kalpetta-to-bangalore
NS Transports,Non A/C Seater / Sleeper (2+1),23:35,06:00,28 Seats available,06h 25m,INR 649,4.1,Kalpetta (kerala) to Bangalore,https://www.redbus.in/bus-tickets/kalpetta-to-bangalore
P K Travels,A/C Seater / Sleeper (2+1),23:50,06:45,22 Seats available,06h 55m,INR 900,4.1,Kalpetta (kerala) to Bangalore,https://www.redbus.in/bus-tickets/kalpetta-to-bangalore
NS Transports,Non A/C Seater / Sleeper (2+1),23:36,06:00,28 Seats available,06h 24m,INR 649,4.1,Kalpetta (kerala) to Bangalore,https://www.redbus.in/bus-tickets/kalpetta-to-bangalore
PSK Travels,Bharat Benz A/C Sleeper (2+1),17:05,23:35,14 Seats available,06h 30m,INR 1290,3.9,Kalpetta (kerala) to Bangalore,https://www.redbus.in/bus-tickets/kalpetta-to-bangalore
Kyros Connect,Bharat Benz A/C Semi Sleeper (2+2),13:57,21:45,34 Seats available,07h 48m,INR 799,"3.9
35",Kalpetta (kerala) to Bangalore,https://www.redbus.in/bus-tickets/kalpetta-to-bangalore
Kyros Connect,A/C Semi Sleeper (2+2),19:00,01:15,1 Seat available,06h 15m,INR 899,"3.9
25",Kalpetta (kerala) to Bangalore,https://www.redbus.in/bus-tickets/kalpetta-to-bangalore
Kyros Connect,A/C Semi Sleeper (2+2),19:05,01:15,1 Seat available,06h 10m,INR 899,"3.7
22",Kalpetta (kerala) to Bangalore,https://www.redbus.in/bus-tickets/kalpetta-to-bangalore
Kallada Travels (Suresh Kallada),A/C Sleeper (2+1),15:50,23:10,16 Seats available,07h 20m,INR 900,3.2,Kalpetta (kerala) to Bangalore,https://www.redbus.in/bus-tickets/kalpetta-to-bangalore
Kallada Travels (Suresh Kallada),A/C Sleeper (2+1),15:50,23:10,16 Seats available,07h 20m,INR 900,3.0,Kalpetta (kerala) to Bangalore,https://www.redbus.in/bus-tickets/kalpetta-to-bangalore
Orange Tours And Travels,Bharat Benz A/C Sleeper (2+1),16:45,23:30,23 Seats available,06h 45m,INR 1000,"3.2
6",Kalpetta (kerala) to Bangalore,https://www.redbus.in/bus-tickets/kalpetta-to-bangalore
SAAM BUS,VE A/C Sleeper (2+1),23:05,06:00,24 Seats available,06h 55m,833,4.0,Kalpetta (kerala) to Bangalore,https://www.redbus.in/bus-tickets/kalpetta-to-bangalore
SAAM BUS,VE A/C Sleeper (2+1),23:06,06:00,24 Seats available,06h 54m,INR 900,4.0,Kalpetta (kerala) to Bangalore,https://www.redbus.in/bus-tickets/kalpetta-to-bangalore
DA Transports,A/C Sleeper (2+1),00:00,07:45,27 Seats available,07h 45m,INR 799,3.7,Kalpetta (kerala) to Bangalore,https://www.redbus.in/bus-tickets/kalpetta-to-bangalore
DA Transports,A/C Sleeper (2+1),00:00,07:45,24 Seats available,07h 45m,INR 799,3.7,Kalpetta (kerala) to Bangalore,https://www.redbus.in/bus-tickets/kalpetta-to-bangalore
SKS Tourist Corporation (REGD),Non A/C Seater / Sleeper (2+1),23:10,05:30,30 Seats available,06h 20m,INR 699,3.4,Kalpetta (kerala) to Bangalore,https://www.redbus.in/bus-tickets/kalpetta-to-bangalore
SKS Tourist Corporation (REGD),Non A/C Seater / Sleeper (2+1),23:11,05:30,30 Seats available,06h 19m,599,3.0,Kalpetta (kerala) to Bangalore,https://www.redbus.in/bus-tickets/kalpetta-to-bangalore
Balaji Tourist,Volvo Multi-Axle A/C Semisleeper (2+2),22:35,06:00,49 Seats available,07h 25m,INR 2399,3.0,Kalpetta (kerala) to Bangalore,https://www.redbus.in/bus-tickets/kalpetta-to-bangalore
Orange Tours And Travels,Bharat Benz A/C Sleeper (2+1),16:30,23:30,23 Seats available,07h 00m,INR 1000,2.9,Kalpetta (kerala) to Bangalore,https://www.redbus.in/bus-tickets/kalpetta-to-bangalore
Madhavi Travels,A/C Sleeper (2+1),18:50,03:00,15 Seats available,08h 10m,INR 1099,"5.0
4",Kottayam to Kozhikode,https://www.redbus.in/bus-tickets/kottayam-to-kozhikode
Madhavi Travels,Volvo Multi-Axle I-Shift B11R Semi Sleeper (2+2),23:59,04:30,34 Seats available,04h 31m,INR 999,"3.5
4",Kottayam to Kozhikode,https://www.redbus.in/bus-tickets/kottayam-to-kozhikode
EMERALD TRAVELS,Bharat Benz A/C Semi Sleeper (2+2),23:00,04:30,25 Seats available,05h 30m,INR 800,"2.5
13",Kottayam to Kozhikode,https://www.redbus.in/bus-tickets/kottayam-to-kozhikode
Sonia Travels,A/C Seater/Sleeper (2+1),19:10,02:29,11 Seats available,07h 19m,INR 800,4.1,Kottayam to Kozhikode,https://www.redbus.in/bus-tickets/kottayam-to-kozhikode
A1 Travels,A/C Seater / Sleeper (2+1),23:59,07:00,26 Seats available,07h 01m,INR 800,"3.0
22",Kottayam to Kozhikode,https://www.redbus.in/bus-tickets/kottayam-to-kozhikode
Holy Maria Travels,A/C Semi Sleeper (2+2),18:20,02:10,22 Seats available,07h 50m,INR 700,3.7,Kottayam to Kozhikode,https://www.redbus.in/bus-tickets/kottayam-to-kozhikode
Ubc travels,A/C Seater/Sleeper (2+1),18:00,03:00,16 Seats available,09h 00m,INR 900,3.7,Kottayam to Kozhikode,https://www.redbus.in/bus-tickets/kottayam-to-kozhikode
Ubc travels,A/C Semi Sleeper (2+2),17:30,01:00,1 Seat available,07h 30m,INR 700,3.7,Kottayam to Kozhikode,https://www.redbus.in/bus-tickets/kottayam-to-kozhikode
Arjun Holidays,A/C Seater Push Back (2+2),23:50,05:30,28 Seats available,05h 40m,INR 650,3.6,Kottayam to Kozhikode,https://www.redbus.in/bus-tickets/kottayam-to-kozhikode
Arjun Holidays,A/C Seater Push Back (2+2),23:20,05:00,32 Seats available,05h 40m,INR 749,3.6,Kottayam to Kozhikode,https://www.redbus.in/bus-tickets/kottayam-to-kozhikode
Madhavi Travels,A/C Sleeper (2+1),19:50,04:30,12 Seats available,08h 40m,INR 1099,"4.5
76",Thiruvananthapuram to Kozhikode,https://www.redbus.in/bus-tickets/thiruvananthapuram-to-kozhikode
A1 Travels,NON A/C Semi Sleeper (2+2),21:00,06:30,26 Seats available,09h 30m,INR 600,"3.9
117",Thiruvananthapuram to Kozhikode,https://www.redbus.in/bus-tickets/thiruvananthapuram-to-kozhikode
A1 Travels,Bharat Benz A/C Seater /Sleeper (2+1),20:30,05:00,24 Seats available,08h 30m,740,"3.2
86",Thiruvananthapuram to Kozhikode,https://www.redbus.in/bus-tickets/thiruvananthapuram-to-kozhikode
A1 Travels,Bharat Benz A/C Sleeper (2+1),19:00,04:00,18 Seats available,09h 00m,971,"3.7
33",Thiruvananthapuram to Kozhikode,https://www.redbus.in/bus-tickets/thiruvananthapuram-to-kozhikode
Galaxy Tours,2+1 Air Suspension A/C Seater / Sleeper,21:00,06:00,35 Seats available,09h 00m,INR 800,"2.7
62",Thiruvananthapuram to Kozhikode,https://www.redbus.in/bus-tickets/thiruvananthapuram-to-kozhikode
Madhavi Travels,Volvo Multi-Axle I-Shift B11R Semi Sleeper (2+2),20:40,04:30,34 Seats available,07h 50m,INR 999,"3.7
10",Thiruvananthapuram to Kozhikode,https://www.redbus.in/bus-tickets/thiruvananthapuram-to-kozhikode
Kallada Travels (Suresh Kallada),A/C Sleeper (2+1),18:01,05:00,1 Seat available,10h 59m,INR 850,"2.9
19",Thiruvananthapuram to Kozhikode,https://www.redbus.in/bus-tickets/thiruvananthapuram-to-kozhikode
EMERALD TRAVELS,Bharat Benz A/C Semi Sleeper (2+2),19:30,04:30,25 Seats available,09h 00m,INR 800,"2.3
18",Thiruvananthapuram to Kozhikode,https://www.redbus.in/bus-tickets/thiruvananthapuram-to-kozhikode
A1 Travels,A/C Seater / Sleeper (2+1),21:35,07:00,26 Seats available,09h 25m,INR 800,"3.4
127",Thiruvananthapuram to Kozhikode,https://www.redbus.in/bus-tickets/thiruvananthapuram-to-kozhikode
A1 Travels,Bharat Benz A/C Seater /Sleeper (2+1),20:15,05:30,28 Seats available,09h 15m,740,"3.0
47",Thiruvananthapuram to Kozhikode,https://www.redbus.in/bus-tickets/thiruvananthapuram-to-kozhikode
Kallada Travels (Suresh Kallada),A/C Sleeper (2+1),16:00,03:00,12 Seats available,11h 00m,INR 1250,2.9,Thiruvananthapuram to Kozhikode,https://www.redbus.in/bus-tickets/thiruvananthapuram-to-kozhikode
Galaxy Tours,A/C Semi Sleeper (2+2),21:00,06:00,6 Seats available,09h 00m,INR 800,"2.5
19",Thiruvananthapuram to Kozhikode,https://www.redbus.in/bus-tickets/thiruvananthapuram-to-kozhikode
Aadithya Travels,A/C Seater/Sleeper (2+1),14:25,01:45,15 Seats available,11h 20m,INR 1350,2.3,Thiruvananthapuram to Kozhikode,https://www.redbus.in/bus-tickets/thiruvananthapuram-to-kozhikode
Arjun Holidays,A/C Seater Push Back (2+2),20:30,05:30,26 Seats available,09h 00m,INR 650,3.6,Thiruvananthapuram to Kozhikode,https://www.redbus.in/bus-tickets/thiruvananthapuram-to-kozhikode
NS Transports,NON A/C Sleeper (2+1),21:45,05:45,12 Seats available,08h 00m,INR 699,"4.3
190",Kannur (Kerala) to Bangalore,https://www.redbus.in/bus-tickets/kannur-to-bangalore
NS Transports,NON A/C Semi Sleeper / Sleeper (2+1),20:30,05:20,20 Seats available,08h 50m,INR 649,"4.0
176",Kannur (Kerala) to Bangalore,https://www.redbus.in/bus-tickets/kannur-to-bangalore
Kalpaka Travels 1,A/C Sleeper (2+1),21:45,05:00,14 Seats available,07h 15m,INR 1000,"4.1
118",Kannur (Kerala) to Bangalore,https://www.redbus.in/bus-tickets/kannur-to-bangalore
AdKalpaka Travels 1,NON A/C Seater/ Sleeper (2+1),21:30,05:00,25 Seats available,07h 30m,INR 700,"3.9
57",Kannur (Kerala) to Bangalore,https://www.redbus.in/bus-tickets/kannur-to-bangalore
Golden Travels,Volvo A/C Semi Sleeper (2+2),21:45,04:50,16 Seats available,07h 05m,INR 999,"4.7
49",Kannur (Kerala) to Bangalore,https://www.redbus.in/bus-tickets/kannur-to-bangalore
Golden Travels,A/C Sleeper (2+1),21:45,05:10,14 Seats available,07h 25m,INR 949,"4.3
30",Kannur (Kerala) to Bangalore,https://www.redbus.in/bus-tickets/kannur-to-bangalore
DLT BUS,A/C Sleeper (2+1),21:00,05:30,13 Seats available,08h 30m,INR 850,"4.5
14",Kannur (Kerala) to Bangalore,https://www.redbus.in/bus-tickets/kannur-to-bangalore
MMK Travels,VE A/C Seater / Sleeper (2+1),21:30,06:00,20 Seats available,08h 30m,INR 700,"4.3
325",Kannur (Kerala) to Bangalore,https://www.redbus.in/bus-tickets/kannur-to-bangalore
P K Travels,A/C Sleeper (2+1),21:00,05:00,16 Seats available,08h 00m,INR 1100,"4.1
39",Kannur (Kerala) to Bangalore,https://www.redbus.in/bus-tickets/kannur-to-bangalore
NS Transports,A/C Sleeper (2+1),21:15,05:30,8 Seats available,08h 15m,INR 949,"4.6
263",Kannur (Kerala) to Bangalore,https://www.redbus.in/bus-tickets/kannur-to-bangalore
Golden Travels,A/C Sleeper (2+1),21:15,05:00,13 Seats available,07h 45m,INR 899,"4.0
16",Kannur (Kerala) to Bangalore,https://www.redbus.in/bus-tickets/kannur-to-bangalore
Ashoka Travel and Logistics,A/C Sleeper (2+1),21:15,05:30,7 Seats available,08h 15m,INR 1000,"4.4
202",Kannur (Kerala) to Bangalore,https://www.redbus.in/bus-tickets/kannur-to-bangalore
Ashoka Travel and Logistics,A/C Semi Sleeper (2+2),21:00,05:15,29 Seats available,08h 15m,INR 900,"4.0
98",Kannur (Kerala) to Bangalore,https://www.redbus.in/bus-tickets/kannur-to-bangalore
National travels and logistics,Non A/C Seater / Sleeper (2+1),21:15,05:30,21 Seats available,08h 15m,449,"3.8
119",Kannur (Kerala) to Bangalore,https://www.redbus.in/bus-tickets/kannur-to-bangalore
Golden Travels,NON A/C Sleeper (2+1),21:30,05:00,8 Seats available,07h 30m,INR 799,"3.8
31",Kannur (Kerala) to Bangalore,https://www.redbus.in/bus-tickets/kannur-to-bangalore
Arya Travels,A/C Sleeper (2+1),21:20,05:30,15 Seats available,08h 10m,INR 895,"3.2
51",Kannur (Kerala) to Bangalore,https://www.redbus.in/bus-tickets/kannur-to-bangalore
Sugama Tourist,A/C Sleeper (2+1),22:00,05:30,14 Seats available,07h 30m,INR 800,"3.9
244",Kannur (Kerala) to Bangalore,https://www.redbus.in/bus-tickets/kannur-to-bangalore
Kalpaka Travels 1,NON A/C Seater/ Sleeper (2+1),21:00,05:00,33 Seats available,08h 00m,INR 700,"3.7
73",Kannur (Kerala) to Bangalore,https://www.redbus.in/bus-tickets/kannur-to-bangalore
P K Travels,NON A/C Semi Sleeper (2+2),20:30,06:30,23 Seats available,10h 00m,INR 700,"3.4
45",Kannur (Kerala) to Bangalore,https://www.redbus.in/bus-tickets/kannur-to-bangalore
Kalpaka Travels 1,NON A/C Seater/ Sleeper (2+1),21:15,05:00,25 Seats available,07h 45m,INR 700,"3.2
31",Kannur (Kerala) to Bangalore,https://www.redbus.in/bus-tickets/kannur-to-bangalore
Ashoka Travel and Logistics,NON A/C Semi Sleeper (2+2),21:30,05:00,30 Seats available,07h 30m,INR 800,"3.4
75",Kannur (Kerala) to Bangalore,https://www.redbus.in/bus-tickets/kannur-to-bangalore
Kalpaka Travels 1,NON A/C Semi Sleeper (2+2),20:45,05:00,9 Seats available,08h 15m,INR 800,"2.9
39",Kannur (Kerala) to Bangalore,https://www.redbus.in/bus-tickets/kannur-to-bangalore
Golden Travels,NON A/C Semi Sleeper (2+2),21:15,05:00,11 Seats available,07h 45m,INR 799,"2.9
26",Kannur (Kerala) to Bangalore,https://www.redbus.in/bus-tickets/kannur-to-bangalore
Arya Travels,A/C Seater/Sleeper (2+1),21:30,06:45,20 Seats available,09h 15m,INR 695,2.9,Kannur (Kerala) to Bangalore,https://www.redbus.in/bus-tickets/kannur-to-bangalore
Sonia Travels,A/C Seater/Sleeper (2+1),23:30,03:50,40 Seats available,04h 20m,INR 680,4.1,Kozhikode to Aluva,https://www.redbus.in/bus-tickets/kozhikode-to-aluva
Madhavi Travels,Volvo Multi-Axle I-Shift B11R Semi Sleeper (2+2),23:30,02:45,37 Seats available,03h 15m,INR 799,4.0,Kozhikode to Aluva,https://www.redbus.in/bus-tickets/kozhikode-to-aluva
Madhavi Travels,Volvo Multi-Axle I-Shift B11R Semi Sleeper (2+2),23:30,02:15,19 Seats available,02h 45m,INR 799,4.0,Kozhikode to Aluva,https://www.redbus.in/bus-tickets/kozhikode-to-aluva
UFO Bus,Volvo Multi-Axle B9R A/c Semi Sleeper (2+2),23:55,04:45,21 Seats available,04h 50m,650,4.1,Kozhikode to Aluva,https://www.redbus.in/bus-tickets/kozhikode-to-aluva
UFO Bus,A/C Sleeper (2+1),23:55,04:45,22 Seats available,04h 50m,752,4.1,Kozhikode to Aluva,https://www.redbus.in/bus-tickets/kozhikode-to-aluva
Kalpaka Travels 1,A/C Sleeper (2+1),23:59,04:30,27 Seats available,04h 31m,INR 800,4.0,Kozhikode to Aluva,https://www.redbus.in/bus-tickets/kozhikode-to-aluva
Cochin Bus,Volvo Multi-Axle B9R A/c Semi Sleeper (2+2),23:59,05:05,21 Seats available,05h 06m,INR 567,4.0,Kozhikode to Aluva,https://www.redbus.in/bus-tickets/kozhikode-to-aluva
Arya Travels,A/C Sleeper (2+1),23:59,04:40,15 Seats available,04h 41m,INR 795,3.2,Kozhikode to Aluva,https://www.redbus.in/bus-tickets/kozhikode-to-aluva
Kalpaka Travels 1,A/C Semi Sleeper (2+2),23:59,04:25,22 Seats available,04h 26m,INR 550,4.0,Kozhikode to Aluva,https://www.redbus.in/bus-tickets/kozhikode-to-aluva
Arya Travels,A/C Seater/Sleeper (2+1),23:59,04:40,24 Seats available,04h 41m,INR 545,3.2,Kozhikode to Aluva,https://www.redbus.in/bus-tickets/kozhikode-to-aluva
Sonia Travels,A/C Semi Sleeper (2+2),00:20,03:45,26 Seats available,03h 25m,INR 600,4.1,Kozhikode to Aluva,https://www.redbus.in/bus-tickets/kozhikode-to-aluva
Galaxy Tours,2+1 Air Suspension A/C Seater / Sleeper,21:45,01:45,25 Seats available,04h 00m,INR 700,2.8,Kozhikode to Aluva,https://www.redbus.in/bus-tickets/kozhikode-to-aluva
Galaxy Tours,A/C Semi Sleeper (2+2),21:45,01:45,10 Seats available,04h 00m,INR 800,2.8,Kozhikode to Aluva,https://www.redbus.in/bus-tickets/kozhikode-to-aluva
CGR Tranz,Volvo AC Seater (2+2),23:59,04:20,24 Seats available,04h 21m,INR 650,New,Kozhikode to Aluva,https://www.redbus.in/bus-tickets/kozhikode-to-aluva
BLM Transports,A/C Sleeper (2+1),22:00,02:15,19 Seats available,04h 15m,1035,3.9,Kozhikode to Aluva,https://www.redbus.in/bus-tickets/kozhikode-to-aluva
EMERALD TRAVELS,A/C Sleeper (2+1),22:10,01:25,20 Seats available,03h 15m,INR 1100,3.0,Kozhikode to Aluva,https://www.redbus.in/bus-tickets/kozhikode-to-aluva
Madhavi Travels,A/C Sleeper (2+1),22:20,02:15,14 Seats available,03h 55m,INR 999,4.0,Kozhikode to Aluva,https://www.redbus.in/bus-tickets/kozhikode-to-aluva
Kallada Travels (Suresh Kallada),A/C Sleeper (2+1),22:45,02:15,18 Seats available,03h 30m,INR 850,3.0,Kozhikode to Aluva,https://www.redbus.in/bus-tickets/kozhikode-to-aluva
LIYAS TOURS,Bharat Benz A/C Sleeper (2+1),23:05,02:25,3 Seats available,03h 20m,1049,3.8,Kozhikode to Aluva,https://www.redbus.in/bus-tickets/kozhikode-to-aluva
A1 Travels,Bharat Benz A/C Sleeper (2+1),23:30,02:45,24 Seats available,03h 15m,INR 1000,3.3,Kozhikode to Aluva,https://www.redbus.in/bus-tickets/kozhikode-to-aluva
Madhavi Travels,A/C Sleeper (2+1),23:40,04:10,30 Seats available,04h 30m,INR 999,4.0,Kozhikode to Aluva,https://www.redbus.in/bus-tickets/kozhikode-to-aluva
SG Travels,Bharat Benz A/C Sleeper (2+1),23:59,04:55,29 Seats available,04h 56m,INR 849,4.7,Kozhikode to Aluva,https://www.redbus.in/bus-tickets/kozhikode-to-aluva
